,round,group,player_slot,ws,other_costs
0,1,1,1,6.3,1.14
1,1,1,2,7.4,1.16
2,1,1,3,5.3,0.84
3,1,1,4,5.4,0.98
4,1,2,1,8.5,1.02
5,1,2,2,6.9,1.13
6,1,2,3,9.0,0.81
7,1,2,4,5.1,0.85
8,1,3,1,8.8,0.85
9,1,3,2,8.1,0.83
10,1,3,3,5.5,1.2
11,1,3,4,7.1,0.85
12,1,4,1,7.3,1.19
13,1,4,2,6.5,1.07
14,1,4,3,8.8,0.98
15,1,4,4,7.2,0.95
16,2,1,1,7.9,1.11
17,2,1,2,6.3,0.95
18,2,1,3,7.7,0.8
19,2,1,4,6.8,1.18
20,2,2,1,7.7,1.18
21,2,2,2,7.5,0.83
22,2,2,3,7.4,1.13
23,2,2,4,7.3,0.93
24,2,3,1,5.2,0.9
25,2,3,2,6.7,1.15
26,2,3,3,7.5,1.11
27,2,3,4,7.2,0.98
28,2,4,1,7.5,0.84
29,2,4,2,5.5,0.98
30,2,4,3,7.2,1.08
31,2,4,4,8.1,0.93
32,3,1,1,8.3,1.1
33,3,1,2,7.7,0.99
34,3,1,3,7.8,0.98
35,3,1,4,6.5,0.8
36,3,2,1,6.9,0.9
37,3,2,2,6.4,0.8
38,3,2,3,7.0,0.92
39,3,2,4,6.7,0.8
40,3,3,1,8.9,0.96
41,3,3,2,7.1,1.18
42,3,3,3,5.9,1.1
43,3,3,4,5.2,1.14
44,3,4,1,5.7,1.12
45,3,4,2,9.0,1.15
46,3,4,3,5.6,1.1
47,3,4,4,8.3,1.02
48,4,1,1,8.0,0.97
49,4,1,2,8.2,0.84
50,4,1,3,5.1,1.03
51,4,1,4,5.6,0.93
52,4,2,1,7.7,0.96
53,4,2,2,8.3,1.2
54,4,2,3,8.2,1.18
55,4,2,4,8.3,1.06
56,4,3,1,8.0,0.86
57,4,3,2,8.9,0.94
58,4,3,3,8.9,0.9
59,4,3,4,8.7,0.93
60,4,4,1,8.5,0.86
61,4,4,2,5.3,0.92
62,4,4,3,6.7,1.14
63,4,4,4,6.2,1.04
64,5,1,1,6.2,0.93
65,5,1,2,6.4,1.2
66,5,1,3,7.2,0.93
67,5,1,4,7.6,0.81
68,5,2,1,5.8,0.88
69,5,2,2,8.8,1.14
70,5,2,3,5.3,1.19
71,5,2,4,8.1,1.04
72,5,3,1,6.8,0.98
73,5,3,2,6.5,1.2
74,5,3,3,7.2,0.95
75,5,3,4,8.7,1.1
76,5,4,1,5.8,1.05
77,5,4,2,5.6,0.88
78,5,4,3,6.3,0.85
79,5,4,4,7.7,1.15
80,6,1,1,6.1,1.16
81,6,1,2,8.0,0.87
82,6,1,3,6.6,1.19
83,6,1,4,7.6,1.01
84,6,2,1,5.4,1.02
85,6,2,2,7.7,0.99
86,6,2,3,5.8,1.0
87,6,2,4,8.2,1.03
88,6,3,1,8.3,1.18
89,6,3,2,6.0,0.84
90,6,3,3,7.1,1.05
91,6,3,4,5.2,1.12
92,6,4,1,6.1,0.91
93,6,4,2,8.6,1.12
94,6,4,3,6.1,0.89
95,6,4,4,6.8,1.19
96,7,1,1,8.4,1.09
97,7,1,2,7.3,1.05
98,7,1,3,8.7,0.88
99,7,1,4,6.7,1.18
100,7,2,1,8.5,1.14
101,7,2,2,6.2,1.19
102,7,2,3,6.0,0.88
103,7,2,4,7.5,1.01
104,7,3,1,8.9,0.83
105,7,3,2,5.2,0.94
106,7,3,3,6.3,0.93
107,7,3,4,5.1,0.87
108,7,4,1,5.7,1.0
109,7,4,2,7.0,1.17
110,7,4,3,6.8,1.16
111,7,4,4,5.0,0.9
112,8,1,1,6.1,1.04
113,8,1,2,6.7,1.0
114,8,1,3,5.0,0.89
115,8,1,4,8.2,0.92
116,8,2,1,7.7,0.98
117,8,2,2,5.6,1.2
118,8,2,3,6.8,0.98
119,8,2,4,6.1,0.89
120,8,3,1,8.9,0.86
121,8,3,2,8.5,0.86
122,8,3,3,7.6,0.85
123,8,3,4,5.3,1.08
124,8,4,1,7.4,0.97
125,8,4,2,8.6,1.15
126,8,4,3,5.8,1.07
127,8,4,4,8.2,0.87
128,9,1,1,8.1,1.17
129,9,1,2,5.4,1.06
130,9,1,3,9.0,0.86
131,9,1,4,7.6,1.01
132,9,2,1,5.3,0.85
133,9,2,2,6.9,0.87
134,9,2,3,6.3,0.89
135,9,2,4,6.9,0.81
136,9,3,1,5.2,1.19
137,9,3,2,7.4,1.11
138,9,3,3,8.8,1.17
139,9,3,4,7.7,0.92
140,9,4,1,8.6,0.85
141,9,4,2,5.5,1.04
142,9,4,3,5.4,0.87
143,9,4,4,7.7,0.9
144,10,1,1,6.8,1.04
145,10,1,2,8.7,0.83
146,10,1,3,5.1,0.88
147,10,1,4,6.2,1.15
148,10,2,1,7.1,0.96
149,10,2,2,6.7,0.97
150,10,2,3,7.6,1.05
151,10,2,4,8.6,0.99
152,10,3,1,8.5,0.99
153,10,3,2,7.9,0.87
154,10,3,3,7.3,0.87
155,10,3,4,6.4,1.05
156,10,4,1,6.8,1.16
157,10,4,2,7.0,1.13
158,10,4,3,5.2,1.15
159,10,4,4,6.8,0.9
160,11,1,1,8.1,0.83
161,11,1,2,6.7,0.94
162,11,1,3,7.5,1.2
163,11,1,4,5.7,0.95
164,11,2,1,8.1,0.93
165,11,2,2,6.7,1.06
166,11,2,3,5.6,1.07
167,11,2,4,7.3,0.93
168,11,3,1,6.3,0.93
169,11,3,2,6.3,1.03
170,11,3,3,6.5,0.9
171,11,3,4,7.5,0.87
172,11,4,1,5.6,1.14
173,11,4,2,7.6,1.2
174,11,4,3,8.0,0.82
175,11,4,4,9.0,1.05
176,12,1,1,7.4,0.99
177,12,1,2,5.7,1.2
178,12,1,3,6.3,0.83
179,12,1,4,8.2,0.96
180,12,2,1,6.4,0.89
181,12,2,2,8.1,1.08
182,12,2,3,5.7,0.97
183,12,2,4,5.9,0.8
184,12,3,1,6.1,1.18
185,12,3,2,7.5,1.02
186,12,3,3,5.5,0.85
187,12,3,4,5.9,0.86
188,12,4,1,5.3,1.12
189,12,4,2,6.0,1.07
190,12,4,3,5.8,0.93
191,12,4,4,6.6,1.11
192,13,1,1,8.0,0.81
193,13,1,2,5.2,1.01
194,13,1,3,5.7,1.04
195,13,1,4,7.9,0.91
196,13,2,1,8.0,1.12
197,13,2,2,5.3,0.92
198,13,2,3,7.1,1.11
199,13,2,4,5.3,0.88
200,13,3,1,6.8,0.96
201,13,3,2,6.2,0.97
202,13,3,3,5.7,0.87
203,13,3,4,8.7,0.86
204,13,4,1,8.2,1.07
205,13,4,2,5.0,1.17
206,13,4,3,5.6,1.19
207,13,4,4,8.5,0.91
208,14,1,1,8.3,0.92
209,14,1,2,6.3,1.15
210,14,1,3,6.3,0.83
211,14,1,4,7.3,1.18
212,14,2,1,6.3,0.9
213,14,2,2,8.9,0.87
214,14,2,3,6.1,1.05
215,14,2,4,5.5,1.14
216,14,3,1,8.2,1.04
217,14,3,2,6.3,1.03
218,14,3,3,8.3,1.13
219,14,3,4,5.2,0.9
220,14,4,1,7.5,0.85
221,14,4,2,8.8,0.91
222,14,4,3,7.8,0.99
223,14,4,4,9.0,1.08
224,15,1,1,6.7,0.95
225,15,1,2,5.8,1.14
226,15,1,3,7.1,1.1
227,15,1,4,7.2,1.07
228,15,2,1,6.6,1.02
229,15,2,2,5.7,0.9
230,15,2,3,7.1,0.88
231,15,2,4,6.8,0.98
232,15,3,1,7.1,0.89
233,15,3,2,5.4,0.86
234,15,3,3,5.9,1.1
235,15,3,4,8.4,1.17
236,15,4,1,8.0,1.01
237,15,4,2,8.4,0.95
238,15,4,3,8.4,0.81
239,15,4,4,8.9,1.05
240,16,1,1,9.0,1.09
241,16,1,2,5.7,1.03
242,16,1,3,8.4,0.93
243,16,1,4,5.1,0.91
244,16,2,1,5.8,0.96
245,16,2,2,5.6,0.97
246,16,2,3,7.8,1.17
247,16,2,4,7.0,0.81
248,16,3,1,8.8,1.06
249,16,3,2,6.6,1.16
250,16,3,3,8.2,0.87
251,16,3,4,6.5,1.01
252,16,4,1,8.9,1.2
253,16,4,2,6.9,0.86
254,16,4,3,5.4,0.99
255,16,4,4,5.4,1.2
256,17,1,1,7.9,1.16
257,17,1,2,5.1,1.13
258,17,1,3,7.5,1.04
259,17,1,4,8.6,0.83
260,17,2,1,8.3,0.97
261,17,2,2,7.4,0.99
262,17,2,3,6.8,1.06
263,17,2,4,6.0,0.89
264,17,3,1,6.2,1.18
265,17,3,2,6.4,0.96
266,17,3,3,8.3,1.18
267,17,3,4,6.5,0.89
268,17,4,1,6.6,1.18
269,17,4,2,6.1,0.93
270,17,4,3,5.7,1.11
271,17,4,4,5.7,1.14
272,18,1,1,8.9,0.85
273,18,1,2,8.6,0.92
274,18,1,3,8.8,0.85
275,18,1,4,8.5,1.0
276,18,2,1,7.8,1.03
277,18,2,2,8.6,1.18
278,18,2,3,5.9,0.94
279,18,2,4,5.8,0.85
280,18,3,1,5.0,0.93
281,18,3,2,5.5,1.18
282,18,3,3,6.9,1.03
283,18,3,4,8.2,1.03
284,18,4,1,6.8,1.02
285,18,4,2,8.5,0.88
286,18,4,3,8.0,0.93
287,18,4,4,8.4,0.99
288,19,1,1,6.5,0.91
289,19,1,2,6.2,0.85
290,19,1,3,6.3,0.86
291,19,1,4,7.0,1.12
292,19,2,1,5.4,1.18
293,19,2,2,8.6,0.95
294,19,2,3,5.8,1.0
295,19,2,4,5.4,1.01
296,19,3,1,6.1,1.02
297,19,3,2,8.2,1.17
298,19,3,3,7.6,0.9
299,19,3,4,5.7,0.95
300,19,4,1,7.4,1.06
301,19,4,2,7.0,0.89
302,19,4,3,8.7,0.83
303,19,4,4,7.6,1.13
304,20,1,1,7.6,1.12
305,20,1,2,6.7,0.84
306,20,1,3,5.4,0.88
307,20,1,4,8.4,1.06
308,20,2,1,7.5,0.82
309,20,2,2,8.7,1.18
310,20,2,3,5.7,0.82
311,20,2,4,8.0,1.16
312,20,3,1,8.9,1.15
313,20,3,2,5.9,0.85
314,20,3,3,7.5,0.81
315,20,3,4,8.8,0.82
316,20,4,1,7.0,0.82
317,20,4,2,9.0,0.93
318,20,4,3,5.0,1.13
319,20,4,4,5.9,1.15
320,21,1,1,7.1,1.15
321,21,1,2,8.7,0.99
322,21,1,3,6.1,0.9
323,21,1,4,7.9,1.0
324,21,2,1,8.5,1.04
325,21,2,2,7.7,0.93
326,21,2,3,9.0,1.03
327,21,2,4,8.1,0.92
328,21,3,1,7.4,0.83
329,21,3,2,8.9,0.81
330,21,3,3,8.2,0.82
331,21,3,4,5.9,0.82
332,21,4,1,9.0,1.03
333,21,4,2,7.7,1.14
334,21,4,3,7.2,1.16
335,21,4,4,7.6,0.96
336,22,1,1,6.5,1.12
337,22,1,2,7.9,1.09
338,22,1,3,5.4,1.0
339,22,1,4,7.3,1.1
340,22,2,1,8.1,1.04
341,22,2,2,6.9,0.96
342,22,2,3,5.4,1.07
343,22,2,4,7.6,1.2
344,22,3,1,5.8,0.93
345,22,3,2,7.0,1.14
346,22,3,3,6.6,0.82
347,22,3,4,5.2,1.18
348,22,4,1,7.4,0.82
349,22,4,2,7.7,1.15
350,22,4,3,5.7,0.96
351,22,4,4,8.7,1.03
352,23,1,1,8.3,0.96
353,23,1,2,6.8,1.07
354,23,1,3,5.1,1.13
355,23,1,4,5.4,1.11
356,23,2,1,7.5,1.2
357,23,2,2,8.0,1.15
358,23,2,3,7.6,0.99
359,23,2,4,6.5,1.18
360,23,3,1,6.9,1.06
361,23,3,2,7.4,1.16
362,23,3,3,5.2,1.18
363,23,3,4,6.1,1.07
364,23,4,1,9.0,0.97
365,23,4,2,6.7,1.03
366,23,4,3,8.4,0.85
367,23,4,4,6.6,1.03
368,24,1,1,8.0,1.11
369,24,1,2,5.5,0.98
370,24,1,3,6.6,1.05
371,24,1,4,5.0,1.05
372,24,2,1,8.2,0.84
373,24,2,2,5.6,0.9
374,24,2,3,9.0,0.9
375,24,2,4,9.0,0.91
376,24,3,1,8.4,1.0
377,24,3,2,7.2,1.01
378,24,3,3,8.2,1.17
379,24,3,4,7.4,1.13
380,24,4,1,7.3,1.03
381,24,4,2,7.0,0.98
382,24,4,3,6.8,1.13
383,24,4,4,7.0,0.97
384,25,1,1,7.0,0.9
385,25,1,2,6.6,0.9
386,25,1,3,6.0,1.18
387,25,1,4,5.3,0.84
388,25,2,1,9.0,0.98
389,25,2,2,8.8,1.08
390,25,2,3,5.7,1.19
391,25,2,4,6.4,0.81
392,25,3,1,5.5,0.82
393,25,3,2,5.6,0.92
394,25,3,3,6.4,1.11
395,25,3,4,8.5,0.94
396,25,4,1,6.4,1.18
397,25,4,2,5.9,1.07
398,25,4,3,7.1,1.06
399,25,4,4,5.6,1.15
400,26,1,1,6.4,0.85
401,26,1,2,5.3,1.15
402,26,1,3,5.0,0.91
403,26,1,4,7.0,0.96
404,26,2,1,6.4,0.88
405,26,2,2,8.1,1.16
406,26,2,3,7.7,1.09
407,26,2,4,8.9,0.99
408,26,3,1,7.0,1.04
409,26,3,2,7.6,0.81
410,26,3,3,6.5,1.19
411,26,3,4,6.8,1.17
412,26,4,1,5.5,0.91
413,26,4,2,7.4,1.14
414,26,4,3,8.9,1.06
415,26,4,4,7.8,0.89
416,27,1,1,7.0,1.14
417,27,1,2,8.6,0.97
418,27,1,3,6.8,0.88
419,27,1,4,5.2,1.2
420,27,2,1,6.3,0.92
421,27,2,2,8.6,1.03
422,27,2,3,7.1,0.82
423,27,2,4,6.9,1.04
424,27,3,1,9.0,1.02
425,27,3,2,5.4,1.18
426,27,3,3,6.5,0.93
427,27,3,4,6.7,1.07
428,27,4,1,8.7,1.08
429,27,4,2,5.5,0.82
430,27,4,3,7.2,0.91
431,27,4,4,7.3,0.85
432,28,1,1,7.9,1.16
433,28,1,2,6.5,0.89
434,28,1,3,5.0,0.87
435,28,1,4,7.0,0.94
436,28,2,1,7.4,0.98
437,28,2,2,7.2,1.07
438,28,2,3,7.1,1.18
439,28,2,4,7.6,1.09
440,28,3,1,7.3,1.07
441,28,3,2,5.6,0.97
442,28,3,3,6.1,1.07
443,28,3,4,5.0,0.83
444,28,4,1,8.6,1.06
445,28,4,2,6.7,1.16
446,28,4,3,8.2,0.87
447,28,4,4,5.1,1.11
448,29,1,1,9.0,0.91
449,29,1,2,8.4,1.02
450,29,1,3,5.4,0.83
451,29,1,4,7.1,0.87
452,29,2,1,7.5,0.98
453,29,2,2,7.4,0.96
454,29,2,3,8.5,0.97
455,29,2,4,7.5,1.14
456,29,3,1,7.3,0.81
457,29,3,2,7.4,0.93
458,29,3,3,6.5,0.91
459,29,3,4,5.1,1.17
460,29,4,1,7.6,0.87
461,29,4,2,8.8,1.1
462,29,4,3,8.3,0.81
463,29,4,4,6.1,0.9
464,30,1,1,9.0,0.92
465,30,1,2,5.2,0.92
466,30,1,3,9.0,0.95
467,30,1,4,7.4,1.0
468,30,2,1,8.6,1.02
469,30,2,2,5.5,0.88
470,30,2,3,9.0,0.98
471,30,2,4,6.4,0.91
472,30,3,1,5.1,1.14
473,30,3,2,6.5,0.82
474,30,3,3,5.8,0.9
475,30,3,4,8.3,0.99
476,30,4,1,8.6,0.93
477,30,4,2,8.5,0.96
478,30,4,3,5.5,1.15
479,30,4,4,7.8,1.14
480,31,1,1,7.1,0.82
481,31,1,2,6.0,0.86
482,31,1,3,7.6,1.0
483,31,1,4,6.4,0.99
484,31,2,1,8.7,0.93
485,31,2,2,6.2,0.85
486,31,2,3,6.3,1.05
487,31,2,4,8.5,1.12
488,31,3,1,6.6,1.05
489,31,3,2,5.7,1.09
490,31,3,3,6.2,1.17
491,31,3,4,6.5,1.14
492,31,4,1,7.3,1.04
493,31,4,2,5.5,1.18
494,31,4,3,5.7,0.88
495,31,4,4,8.4,0.94
496,32,1,1,5.1,0.87
497,32,1,2,7.2,0.96
498,32,1,3,8.2,0.84
499,32,1,4,7.0,1.04
500,32,2,1,7.6,0.88
501,32,2,2,5.6,1.18
502,32,2,3,7.2,0.81
503,32,2,4,7.1,1.14
504,32,3,1,7.6,0.82
505,32,3,2,5.8,1.18
506,32,3,3,7.0,1.1
507,32,3,4,6.3,0.89
508,32,4,1,6.9,0.94
509,32,4,2,7.1,1.0
510,32,4,3,7.4,1.18
511,32,4,4,8.7,0.95
512,33,1,1,6.9,0.86
513,33,1,2,6.5,0.85
514,33,1,3,6.9,1.18
515,33,1,4,8.4,0.91
516,33,2,1,7.2,1.17
517,33,2,2,8.1,1.15
518,33,2,3,5.1,1.0
519,33,2,4,7.1,1.18
520,33,3,1,6.2,1.16
521,33,3,2,6.6,0.97
522,33,3,3,6.7,0.93
523,33,3,4,8.1,1.19
524,33,4,1,6.5,1.07
525,33,4,2,5.3,1.2
526,33,4,3,6.7,1.07
527,33,4,4,8.7,0.98
528,34,1,1,7.7,1.1
529,34,1,2,5.3,0.84
530,34,1,3,7.1,1.02
531,34,1,4,8.3,0.92
532,34,2,1,6.7,0.9
533,34,2,2,8.1,0.94
534,34,2,3,5.8,1.04
535,34,2,4,5.8,1.0
536,34,3,1,8.0,1.12
537,34,3,2,5.3,1.11
538,34,3,3,6.1,1.12
539,34,3,4,7.4,1.0
540,34,4,1,6.3,0.83
541,34,4,2,6.1,0.83
542,34,4,3,8.7,0.86
543,34,4,4,7.5,0.93
544,35,1,1,5.4,1.18
545,35,1,2,7.6,0.96
546,35,1,3,7.1,0.99
547,35,1,4,5.4,0.94
548,35,2,1,8.2,1.04
549,35,2,2,6.3,0.97
550,35,2,3,6.8,1.06
551,35,2,4,6.3,0.85
552,35,3,1,6.0,1.16
553,35,3,2,8.6,1.04
554,35,3,3,7.3,1.09
555,35,3,4,5.2,1.17
556,35,4,1,7.6,1.07
557,35,4,2,7.1,0.95
558,35,4,3,5.3,1.07
559,35,4,4,8.2,1.05
560,36,1,1,7.8,0.91
561,36,1,2,6.2,0.93
562,36,1,3,6.9,1.04
563,36,1,4,6.6,0.82
564,36,2,1,6.0,1.18
565,36,2,2,7.8,1.09
566,36,2,3,8.8,0.91
567,36,2,4,8.7,0.86
568,36,3,1,7.2,0.84
569,36,3,2,5.7,0.8
570,36,3,3,5.7,0.96
571,36,3,4,8.9,0.91
572,36,4,1,6.7,1.19
573,36,4,2,5.6,1.17
574,36,4,3,6.9,1.18
575,36,4,4,8.7,0.88
576,37,1,1,8.9,0.8
577,37,1,2,7.7,0.88
578,37,1,3,8.9,1.1
579,37,1,4,7.1,0.81
580,37,2,1,6.9,1.1
581,37,2,2,7.4,1.2
582,37,2,3,6.7,0.86
583,37,2,4,9.0,1.05
584,37,3,1,8.5,1.15
585,37,3,2,9.0,0.9
586,37,3,3,5.5,0.98
587,37,3,4,8.5,0.99
588,37,4,1,5.4,0.94
589,37,4,2,6.7,0.8
590,37,4,3,8.2,0.8
591,37,4,4,8.6,1.09
592,38,1,1,5.8,0.81
593,38,1,2,7.7,1.04
594,38,1,3,5.2,1.05
595,38,1,4,6.7,1.1
596,38,2,1,6.2,1.15
597,38,2,2,8.0,1.17
598,38,2,3,8.9,1.19
599,38,2,4,6.4,0.94
600,38,3,1,6.6,1.09
601,38,3,2,5.1,0.96
602,38,3,3,7.3,1.06
603,38,3,4,7.5,1.06
604,38,4,1,7.3,1.15
605,38,4,2,6.7,0.82
606,38,4,3,6.1,1.15
607,38,4,4,7.7,1.16
608,39,1,1,7.9,0.99
609,39,1,2,8.5,1.01
610,39,1,3,7.0,1.2
611,39,1,4,6.8,1.08
612,39,2,1,8.3,0.97
613,39,2,2,6.2,0.91
614,39,2,3,7.2,1.03
615,39,2,4,8.4,0.9
616,39,3,1,8.9,1.14
617,39,3,2,5.9,0.92
618,39,3,3,5.9,1.02
619,39,3,4,7.2,1.13
620,39,4,1,5.1,1.2
621,39,4,2,6.6,1.12
622,39,4,3,8.7,1.01
623,39,4,4,5.7,1.06
624,40,1,1,5.2,1.11
625,40,1,2,8.9,1.13
626,40,1,3,8.0,0.96
627,40,1,4,8.8,1.0
628,40,2,1,8.3,1.19
629,40,2,2,8.7,0.92
630,40,2,3,5.8,1.07
631,40,2,4,8.1,0.92
632,40,3,1,5.4,0.96
633,40,3,2,8.8,1.03
634,40,3,3,7.2,1.07
635,40,3,4,5.9,1.07
636,40,4,1,5.4,0.83
637,40,4,2,8.8,0.95
638,40,4,3,8.9,1.15
639,40,4,4,5.9,0.81
640,41,1,1,6.4,0.8
641,41,1,2,7.9,1.09
642,41,1,3,7.9,0.87
643,41,1,4,7.9,1.13
644,41,2,1,5.7,1.11
645,41,2,2,5.0,1.04
646,41,2,3,7.0,1.05
647,41,2,4,7.0,1.16
648,41,3,1,7.2,1.0
649,41,3,2,6.6,1.19
650,41,3,3,6.1,1.11
651,41,3,4,8.3,1.1
652,41,4,1,7.4,1.13
653,41,4,2,5.5,0.88
654,41,4,3,6.3,1.03
655,41,4,4,5.1,0.82
656,42,1,1,7.4,1.04
657,42,1,2,7.0,1.12
658,42,1,3,6.8,0.89
659,42,1,4,5.8,1.12
660,42,2,1,8.4,1.18
661,42,2,2,6.5,1.09
662,42,2,3,6.0,0.85
663,42,2,4,7.0,1.13
664,42,3,1,5.2,1.07
665,42,3,2,7.5,0.83
666,42,3,3,5.6,1.08
667,42,3,4,5.0,1.06
668,42,4,1,7.6,1.15
669,42,4,2,8.9,1.02
670,42,4,3,5.7,0.99
671,42,4,4,5.6,1.03
672,43,1,1,5.9,1.03
673,43,1,2,7.8,0.87
674,43,1,3,6.9,0.92
675,43,1,4,6.8,1.14
676,43,2,1,6.8,1.19
677,43,2,2,6.7,0.95
678,43,2,3,5.4,1.06
679,43,2,4,5.2,1.0
680,43,3,1,6.3,1.03
681,43,3,2,8.9,0.84
682,43,3,3,5.2,1.15
683,43,3,4,6.2,0.97
684,43,4,1,5.1,1.11
685,43,4,2,8.0,0.8
686,43,4,3,8.5,1.01
687,43,4,4,5.0,0.83
688,44,1,1,5.1,1.1
689,44,1,2,8.5,1.2
690,44,1,3,6.9,0.97
691,44,1,4,8.7,0.87
692,44,2,1,8.5,0.94
693,44,2,2,8.9,1.11
694,44,2,3,5.6,1.1
695,44,2,4,6.7,0.81
696,44,3,1,5.7,1.13
697,44,3,2,7.8,1.06
698,44,3,3,5.5,0.87
699,44,3,4,6.4,0.86
700,44,4,1,8.2,0.95
701,44,4,2,8.5,1.06
702,44,4,3,6.9,0.85
703,44,4,4,7.8,0.93
704,45,1,1,6.8,0.97
705,45,1,2,6.7,0.88
706,45,1,3,5.1,0.86
707,45,1,4,5.1,1.05
708,45,2,1,8.6,0.94
709,45,2,2,5.2,1.03
710,45,2,3,8.2,1.01
711,45,2,4,7.4,0.91
712,45,3,1,5.8,1.04
713,45,3,2,7.5,0.9
714,45,3,3,5.1,1.08
715,45,3,4,8.9,0.84
716,45,4,1,5.3,0.88
717,45,4,2,8.9,1.06
718,45,4,3,6.0,0.86
719,45,4,4,5.3,0.97
720,46,1,1,5.4,1.16
721,46,1,2,6.0,0.88
722,46,1,3,6.4,1.12
723,46,1,4,6.8,0.92
724,46,2,1,6.6,1.11
725,46,2,2,6.6,1.09
726,46,2,3,8.8,0.92
727,46,2,4,5.8,1.13
728,46,3,1,7.5,1.17
729,46,3,2,6.2,0.87
730,46,3,3,7.4,1.14
731,46,3,4,6.0,0.82
732,46,4,1,8.3,1.0
733,46,4,2,5.3,1.15
734,46,4,3,5.3,0.91
735,46,4,4,8.3,1.11
736,47,1,1,7.5,0.85
737,47,1,2,6.0,1.07
738,47,1,3,7.3,0.84
739,47,1,4,6.7,1.16
740,47,2,1,8.7,0.92
741,47,2,2,6.2,1.14
742,47,2,3,7.5,1.19
743,47,2,4,7.2,0.99
744,47,3,1,7.6,1.06
745,47,3,2,5.9,0.8
746,47,3,3,6.8,0.93
747,47,3,4,8.3,1.16
748,47,4,1,7.8,0.82
749,47,4,2,6.7,1.08
750,47,4,3,7.2,1.08
751,47,4,4,7.7,1.11
752,48,1,1,7.8,0.96
753,48,1,2,5.0,0.99
754,48,1,3,5.5,1.06
755,48,1,4,6.2,1.11
756,48,2,1,7.2,1.12
757,48,2,2,8.2,1.06
758,48,2,3,7.6,0.82
759,48,2,4,5.2,0.9
760,48,3,1,9.0,1.18
761,48,3,2,8.3,1.02
762,48,3,3,6.2,1.12
763,48,3,4,6.6,1.03
764,48,4,1,6.8,0.86
765,48,4,2,8.9,1.14
766,48,4,3,5.5,1.09
767,48,4,4,6.0,0.95
768,49,1,1,5.3,0.82
769,49,1,2,8.2,0.82
770,49,1,3,5.8,1.07
771,49,1,4,7.0,0.98
772,49,2,1,8.0,0.81
773,49,2,2,6.7,1.17
774,49,2,3,7.6,0.81
775,49,2,4,8.7,1.07
776,49,3,1,7.2,0.94
777,49,3,2,6.2,1.08
778,49,3,3,8.5,0.8
779,49,3,4,5.9,0.8
780,49,4,1,5.3,1.01
781,49,4,2,5.9,1.13
782,49,4,3,7.0,1.08
783,49,4,4,6.8,0.84
784,50,1,1,7.6,1.09
785,50,1,2,8.9,0.89
786,50,1,3,6.7,1.19
787,50,1,4,8.3,0.96
788,50,2,1,8.1,1.1
789,50,2,2,6.5,0.97
790,50,2,3,5.6,0.91
791,50,2,4,6.6,0.81
792,50,3,1,6.1,1.06
793,50,3,2,5.6,1.06
794,50,3,3,5.5,0.85
795,50,3,4,6.5,0.83
796,50,4,1,6.2,0.93
797,50,4,2,5.4,1.08
798,50,4,3,5.6,0.93
799,50,4,4,5.4,1.1
800,51,1,1,8.3,0.95
801,51,1,2,6.6,0.88
802,51,1,3,7.7,1.12
803,51,1,4,7.3,0.98
804,51,2,1,7.9,0.91
805,51,2,2,6.5,0.8
806,51,2,3,7.5,0.91
807,51,2,4,8.9,0.8
808,51,3,1,9.0,0.98
809,51,3,2,7.2,1.15
810,51,3,3,7.7,1.13
811,51,3,4,7.4,0.97
812,51,4,1,5.1,1.16
813,51,4,2,7.4,0.97
814,51,4,3,7.8,0.86
815,51,4,4,8.3,1.17
816,52,1,1,6.9,1.09
817,52,1,2,6.5,1.19
818,52,1,3,5.4,0.96
819,52,1,4,6.9,0.99
820,52,2,1,8.9,0.97
821,52,2,2,8.0,0.92
822,52,2,3,8.7,0.87
823,52,2,4,7.3,1.14
824,52,3,1,6.2,1.01
825,52,3,2,7.9,0.96
826,52,3,3,6.5,1.04
827,52,3,4,5.1,0.9
828,52,4,1,8.5,0.82
829,52,4,2,7.7,0.81
830,52,4,3,6.2,1.02
831,52,4,4,8.4,0.81
832,53,1,1,7.1,0.87
833,53,1,2,6.4,0.97
834,53,1,3,6.7,0.97
835,53,1,4,8.2,0.83
836,53,2,1,5.5,1.17
837,53,2,2,6.1,0.95
838,53,2,3,6.7,1.03
839,53,2,4,7.6,0.9
840,53,3,1,8.0,0.87
841,53,3,2,5.1,0.99
842,53,3,3,7.5,0.9
843,53,3,4,7.4,0.9
844,53,4,1,9.0,1.13
845,53,4,2,5.8,1.05
846,53,4,3,7.9,1.03
847,53,4,4,5.2,0.95
848,54,1,1,5.1,1.02
849,54,1,2,6.4,1.1
850,54,1,3,5.0,0.85
851,54,1,4,5.7,0.84
852,54,2,1,7.9,0.9
853,54,2,2,8.1,0.95
854,54,2,3,8.5,0.93
855,54,2,4,6.4,0.85
856,54,3,1,7.2,1.16
857,54,3,2,8.7,0.86
858,54,3,3,6.6,1.2
859,54,3,4,8.7,0.9
860,54,4,1,6.0,1.05
861,54,4,2,6.8,1.08
862,54,4,3,8.1,1.13
863,54,4,4,7.1,1.15
864,55,1,1,8.2,0.82
865,55,1,2,7.9,1.02
866,55,1,3,9.0,1.03
867,55,1,4,7.6,0.81
868,55,2,1,8.2,0.84
869,55,2,2,8.7,0.85
870,55,2,3,5.2,0.83
871,55,2,4,7.2,0.93
872,55,3,1,5.1,1.12
873,55,3,2,5.7,1.0
874,55,3,3,5.3,0.95
875,55,3,4,8.8,1.09
876,55,4,1,8.5,1.08
877,55,4,2,6.3,1.05
878,55,4,3,8.1,1.06
879,55,4,4,5.1,0.83
880,56,1,1,7.6,1.1
881,56,1,2,5.0,0.86
882,56,1,3,8.7,0.99
883,56,1,4,8.0,0.82
884,56,2,1,6.3,1.04
885,56,2,2,8.5,0.91
886,56,2,3,6.7,1.07
887,56,2,4,6.0,0.94
888,56,3,1,6.3,0.98
889,56,3,2,6.2,0.87
890,56,3,3,7.3,0.94
891,56,3,4,8.0,1.0
892,56,4,1,7.5,0.85
893,56,4,2,8.6,1.09
894,56,4,3,6.1,1.06
895,56,4,4,7.7,1.07
896,57,1,1,7.3,1.12
897,57,1,2,5.0,1.12
898,57,1,3,8.2,0.84
899,57,1,4,5.7,0.81
900,57,2,1,6.9,1.01
901,57,2,2,9.0,0.82
902,57,2,3,6.3,1.12
903,57,2,4,8.2,1.12
904,57,3,1,6.1,0.91
905,57,3,2,8.3,0.93
906,57,3,3,5.4,0.87
907,57,3,4,8.5,0.88
908,57,4,1,5.1,1.13
909,57,4,2,9.0,0.85
910,57,4,3,7.3,0.87
911,57,4,4,6.8,1.18
912,58,1,1,6.5,1.02
913,58,1,2,8.0,0.84
914,58,1,3,5.1,0.89
915,58,1,4,5.9,1.14
916,58,2,1,5.6,0.91
917,58,2,2,8.2,0.93
918,58,2,3,8.0,0.93
919,58,2,4,7.1,0.83
920,58,3,1,5.4,1.14
921,58,3,2,7.7,1.0
922,58,3,3,5.4,0.84
923,58,3,4,6.8,1.03
924,58,4,1,6.5,1.09
925,58,4,2,5.2,0.84
926,58,4,3,7.6,0.85
927,58,4,4,7.1,0.83
928,59,1,1,5.5,0.92
929,59,1,2,7.0,1.18
930,59,1,3,8.9,0.88
931,59,1,4,7.9,0.82
932,59,2,1,8.2,0.95
933,59,2,2,7.1,0.99
934,59,2,3,6.0,1.16
935,59,2,4,8.7,0.96
936,59,3,1,7.1,1.0
937,59,3,2,6.7,0.82
938,59,3,3,6.1,0.99
939,59,3,4,7.8,0.91
940,59,4,1,5.7,0.95
941,59,4,2,8.9,0.99
942,59,4,3,6.2,1.14
943,59,4,4,8.7,0.84
944,60,1,1,5.3,0.97
945,60,1,2,8.1,1.08
946,60,1,3,5.0,1.05
947,60,1,4,5.0,0.89
948,60,2,1,8.4,1.19
949,60,2,2,7.2,0.89
950,60,2,3,8.3,0.88
951,60,2,4,8.3,1.08
952,60,3,1,8.8,1.09
953,60,3,2,5.1,0.98
954,60,3,3,6.3,0.89
955,60,3,4,5.1,0.92
956,60,4,1,5.5,0.89
957,60,4,2,7.2,0.84
958,60,4,3,5.4,1.11
959,60,4,4,7.5,1.15
960,61,1,1,5.8,1.05
961,61,1,2,5.6,0.83
962,61,1,3,8.2,0.95
963,61,1,4,5.2,1.04
964,61,2,1,5.0,0.89
965,61,2,2,6.3,1.12
966,61,2,3,5.3,0.91
967,61,2,4,7.0,0.99
968,61,3,1,8.9,1.07
969,61,3,2,5.2,1.08
970,61,3,3,7.9,0.94
971,61,3,4,7.7,1.15
972,61,4,1,7.2,1.1
973,61,4,2,8.4,0.95
974,61,4,3,6.5,0.82
975,61,4,4,6.2,0.85
976,62,1,1,5.0,1.03
977,62,1,2,6.9,1.18
978,62,1,3,7.3,1.08
979,62,1,4,6.4,0.99
980,62,2,1,8.9,1.15
981,62,2,2,6.4,0.87
982,62,2,3,7.5,1.09
983,62,2,4,7.9,0.94
984,62,3,1,6.5,0.95
985,62,3,2,6.4,0.82
986,62,3,3,8.7,0.96
987,62,3,4,9.0,1.06
988,62,4,1,6.1,1.18
989,62,4,2,8.3,1.17
990,62,4,3,7.5,1.17
991,62,4,4,5.8,0.8
992,63,1,1,5.9,1.18
993,63,1,2,5.1,0.85
994,63,1,3,7.0,0.8
995,63,1,4,7.2,1.0
996,63,2,1,5.2,0.84
997,63,2,2,7.0,1.18
998,63,2,3,8.1,0.9
999,63,2,4,9.0,0.87
1000,63,3,1,7.4,0.81
1001,63,3,2,8.8,1.11
1002,63,3,3,6.9,1.17
1003,63,3,4,7.0,1.08
1004,63,4,1,7.4,1.05
1005,63,4,2,6.5,1.06
1006,63,4,3,5.5,0.87
1007,63,4,4,5.1,0.83
1008,64,1,1,7.1,1.16
1009,64,1,2,8.5,0.96
1010,64,1,3,7.8,1.2
1011,64,1,4,8.3,1.05
1012,64,2,1,5.9,0.84
1013,64,2,2,7.1,1.18
1014,64,2,3,6.8,1.17
1015,64,2,4,8.1,1.02
1016,64,3,1,8.2,1.07
1017,64,3,2,6.3,1.15
1018,64,3,3,5.7,1.19
1019,64,3,4,7.8,1.09
1020,64,4,1,6.9,0.86
1021,64,4,2,7.1,0.92
1022,64,4,3,8.0,1.09
1023,64,4,4,6.9,0.85
1024,65,1,1,8.9,0.83
1025,65,1,2,5.2,1.0
1026,65,1,3,5.7,0.84
1027,65,1,4,5.6,0.86
1028,65,2,1,7.5,0.89
1029,65,2,2,6.2,0.92
1030,65,2,3,7.5,0.93
1031,65,2,4,7.0,0.91
1032,65,3,1,6.2,1.16
1033,65,3,2,6.4,0.87
1034,65,3,3,7.3,1.17
1035,65,3,4,7.4,1.12
1036,65,4,1,6.6,1.15
1037,65,4,2,5.0,1.04
1038,65,4,3,8.0,1.15
1039,65,4,4,7.8,1.05
1040,66,1,1,5.7,1.19
1041,66,1,2,6.9,1.2
1042,66,1,3,5.9,1.05
1043,66,1,4,8.2,1.1
1044,66,2,1,5.2,0.9
1045,66,2,2,9.0,0.92
1046,66,2,3,5.0,0.8
1047,66,2,4,5.0,1.07
1048,66,3,1,8.5,1.05
1049,66,3,2,6.7,0.96
1050,66,3,3,6.7,0.92
1051,66,3,4,5.7,0.82
1052,66,4,1,5.9,1.09
1053,66,4,2,8.0,0.81
1054,66,4,3,5.9,0.89
1055,66,4,4,5.5,0.94
1056,67,1,1,5.0,0.82
1057,67,1,2,6.0,0.87
1058,67,1,3,8.1,0.88
1059,67,1,4,7.5,1.14
1060,67,2,1,5.7,0.93
1061,67,2,2,8.2,1.06
1062,67,2,3,5.4,1.01
1063,67,2,4,7.2,0.85
1064,67,3,1,8.1,1.0
1065,67,3,2,5.2,1.06
1066,67,3,3,8.7,1.13
1067,67,3,4,7.8,1.05
1068,67,4,1,8.2,0.86
1069,67,4,2,8.5,0.82
1070,67,4,3,5.8,1.1
1071,67,4,4,8.3,1.15
1072,68,1,1,7.6,0.93
1073,68,1,2,6.1,0.86
1074,68,1,3,7.5,1.07
1075,68,1,4,7.0,0.8
1076,68,2,1,7.6,1.03
1077,68,2,2,8.0,1.16
1078,68,2,3,6.2,1.09
1079,68,2,4,5.0,1.0
1080,68,3,1,5.6,0.94
1081,68,3,2,7.1,0.84
1082,68,3,3,5.2,1.09
1083,68,3,4,5.5,1.14
1084,68,4,1,8.3,1.0
1085,68,4,2,8.4,1.16
1086,68,4,3,5.1,0.91
1087,68,4,4,8.5,1.13
1088,69,1,1,5.4,1.2
1089,69,1,2,5.3,1.05
1090,69,1,3,6.9,0.88
1091,69,1,4,6.9,1.12
1092,69,2,1,6.7,0.94
1093,69,2,2,6.6,0.86
1094,69,2,3,8.5,1.09
1095,69,2,4,5.7,1.08
1096,69,3,1,6.6,1.0
1097,69,3,2,8.4,1.1
1098,69,3,3,6.1,1.17
1099,69,3,4,7.9,0.92
1100,69,4,1,5.8,1.04
1101,69,4,2,6.9,0.86
1102,69,4,3,7.3,0.89
1103,69,4,4,8.2,0.81
1104,70,1,1,5.8,0.95
1105,70,1,2,5.7,1.03
1106,70,1,3,5.1,1.14
1107,70,1,4,8.4,0.9
1108,70,2,1,8.4,0.84
1109,70,2,2,8.4,0.96
1110,70,2,3,7.9,1.1
1111,70,2,4,6.5,0.81
1112,70,3,1,7.7,0.8
1113,70,3,2,9.0,1.05
1114,70,3,3,8.2,1.19
1115,70,3,4,5.0,0.8
1116,70,4,1,7.4,1.12
1117,70,4,2,6.4,1.05
1118,70,4,3,5.3,1.06
1119,70,4,4,8.6,1.14
1120,71,1,1,8.4,1.04
1121,71,1,2,7.1,0.97
1122,71,1,3,6.7,1.0
1123,71,1,4,8.3,0.89
1124,71,2,1,5.8,1.19
1125,71,2,2,7.2,1.13
1126,71,2,3,5.8,1.2
1127,71,2,4,7.1,0.81
1128,71,3,1,8.0,1.01
1129,71,3,2,6.8,0.8
1130,71,3,3,6.9,1.09
1131,71,3,4,5.2,1.05
1132,71,4,1,7.0,0.83
1133,71,4,2,6.5,1.18
1134,71,4,3,5.4,1.11
1135,71,4,4,5.3,1.01
1136,72,1,1,8.1,0.82
1137,72,1,2,5.5,1.0
1138,72,1,3,6.7,1.07
1139,72,1,4,9.0,1.13
1140,72,2,1,8.1,1.19
1141,72,2,2,7.2,0.96
1142,72,2,3,7.2,0.93
1143,72,2,4,8.6,0.82
1144,72,3,1,7.2,1.02
1145,72,3,2,5.4,1.12
1146,72,3,3,6.6,0.95
1147,72,3,4,5.1,0.92
1148,72,4,1,7.1,1.08
1149,72,4,2,8.7,0.88
1150,72,4,3,8.0,1.01
1151,72,4,4,5.2,1.04
1152,73,1,1,5.1,1.09
1153,73,1,2,7.2,1.12
1154,73,1,3,6.9,0.85
1155,73,1,4,7.3,0.85
1156,73,2,1,6.6,1.03
1157,73,2,2,6.5,1.01
1158,73,2,3,6.8,0.82
1159,73,2,4,8.4,0.85
1160,73,3,1,5.9,0.96
1161,73,3,2,8.1,1.19
1162,73,3,3,5.2,0.84
1163,73,3,4,8.1,0.92
1164,73,4,1,6.9,1.2
1165,73,4,2,6.3,1.14
1166,73,4,3,6.9,1.0
1167,73,4,4,8.3,1.08
1168,74,1,1,5.6,1.19
1169,74,1,2,7.5,1.18
1170,74,1,3,5.9,0.83
1171,74,1,4,7.8,0.84
1172,74,2,1,6.5,0.96
1173,74,2,2,9.0,0.84
1174,74,2,3,7.0,0.85
1175,74,2,4,8.9,1.15
1176,74,3,1,8.6,1.07
1177,74,3,2,5.5,0.92
1178,74,3,3,6.4,0.85
1179,74,3,4,6.4,0.87
1180,74,4,1,8.6,0.89
1181,74,4,2,5.9,0.93
1182,74,4,3,6.9,1.11
1183,74,4,4,8.6,0.86
1184,75,1,1,6.6,1.2
1185,75,1,2,7.3,1.16
1186,75,1,3,5.5,1.14
1187,75,1,4,7.7,1.18
1188,75,2,1,8.6,1.08
1189,75,2,2,7.9,0.98
1190,75,2,3,6.3,0.95
1191,75,2,4,5.4,1.18
1192,75,3,1,7.2,1.08
1193,75,3,2,8.7,1.12
1194,75,3,3,7.8,1.08
1195,75,3,4,7.3,1.04
1196,75,4,1,8.3,0.88
1197,75,4,2,7.1,1.17
1198,75,4,3,7.6,1.07
1199,75,4,4,6.6,1.04
1200,76,1,1,5.5,1.03
1201,76,1,2,6.0,1.08
1202,76,1,3,6.2,0.9
1203,76,1,4,8.8,0.9
1204,76,2,1,8.9,1.09
1205,76,2,2,6.2,0.97
1206,76,2,3,7.2,0.99
1207,76,2,4,8.3,1.17
1208,76,3,1,5.1,1.16
1209,76,3,2,6.0,0.93
1210,76,3,3,5.4,0.84
1211,76,3,4,5.8,0.98
1212,76,4,1,7.2,1.12
1213,76,4,2,6.6,0.86
1214,76,4,3,6.0,0.92
1215,76,4,4,7.0,1.0
1216,77,1,1,7.0,1.2
1217,77,1,2,8.9,0.9
1218,77,1,3,5.2,0.87
1219,77,1,4,5.4,0.87
1220,77,2,1,6.5,1.17
1221,77,2,2,7.9,1.14
1222,77,2,3,6.7,0.82
1223,77,2,4,7.7,1.06
1224,77,3,1,8.6,1.08
1225,77,3,2,6.9,1.04
1226,77,3,3,7.0,0.82
1227,77,3,4,8.8,0.97
1228,77,4,1,8.4,1.02
1229,77,4,2,7.5,1.15
1230,77,4,3,6.5,1.07
1231,77,4,4,8.2,0.83
1232,78,1,1,5.5,0.95
1233,78,1,2,7.2,1.07
1234,78,1,3,5.7,0.89
1235,78,1,4,5.4,1.11
1236,78,2,1,5.5,1.09
1237,78,2,2,6.9,0.82
1238,78,2,3,5.5,1.15
1239,78,2,4,8.6,1.0
1240,78,3,1,6.5,1.04
1241,78,3,2,5.2,0.99
1242,78,3,3,5.1,0.83
1243,78,3,4,5.7,1.17
1244,78,4,1,6.2,1.0
1245,78,4,2,5.4,0.87
1246,78,4,3,5.6,1.01
1247,78,4,4,7.1,0.95
1248,79,1,1,6.6,1.16
1249,79,1,2,6.4,1.08
1250,79,1,3,9.0,0.83
1251,79,1,4,9.0,0.91
1252,79,2,1,7.5,0.91
1253,79,2,2,8.2,0.91
1254,79,2,3,8.2,1.18
1255,79,2,4,5.6,0.82
1256,79,3,1,8.4,1.01
1257,79,3,2,8.2,1.2
1258,79,3,3,8.6,0.84
1259,79,3,4,5.7,0.8
1260,79,4,1,7.2,0.87
1261,79,4,2,6.2,0.89
1262,79,4,3,8.6,0.87
1263,79,4,4,8.2,0.81
1264,80,1,1,5.0,1.13
1265,80,1,2,6.3,1.01
1266,80,1,3,5.3,0.89
1267,80,1,4,7.2,1.18
1268,80,2,1,8.9,0.95
1269,80,2,2,9.0,0.93
1270,80,2,3,5.0,0.91
1271,80,2,4,9.0,0.94
1272,80,3,1,7.0,1.1
1273,80,3,2,8.8,1.2
1274,80,3,3,5.4,0.96
1275,80,3,4,8.3,1.19
1276,80,4,1,6.0,0.87
1277,80,4,2,7.4,0.88
1278,80,4,3,6.3,0.89
1279,80,4,4,7.7,1.06
1280,81,1,1,9.0,0.96
1281,81,1,2,5.7,1.05
1282,81,1,3,6.5,1.19
1283,81,1,4,8.1,0.97
1284,81,2,1,8.3,1.14
1285,81,2,2,7.1,1.2
1286,81,2,3,7.0,0.88
1287,81,2,4,6.0,1.05
1288,81,3,1,6.7,1.05
1289,81,3,2,7.0,0.88
1290,81,3,3,6.6,0.97
1291,81,3,4,6.1,0.99
1292,81,4,1,8.1,0.84
1293,81,4,2,6.7,0.88
1294,81,4,3,6.0,0.9
1295,81,4,4,6.6,0.89
1296,82,1,1,6.1,0.99
1297,82,1,2,7.9,1.05
1298,82,1,3,6.4,0.84
1299,82,1,4,8.0,1.13
1300,82,2,1,7.5,0.84
1301,82,2,2,7.5,1.12
1302,82,2,3,5.3,0.9
1303,82,2,4,5.1,0.95
1304,82,3,1,8.5,1.13
1305,82,3,2,7.3,0.86
1306,82,3,3,6.4,0.83
1307,82,3,4,6.8,1.09
1308,82,4,1,8.5,0.9
1309,82,4,2,8.4,0.84
1310,82,4,3,7.9,1.11
1311,82,4,4,7.9,0.86
1312,83,1,1,8.6,1.03
1313,83,1,2,6.9,1.01
1314,83,1,3,6.3,1.18
1315,83,1,4,7.5,0.96
1316,83,2,1,7.3,0.83
1317,83,2,2,5.3,1.01
1318,83,2,3,6.1,0.97
1319,83,2,4,9.0,1.13
1320,83,3,1,5.8,0.82
1321,83,3,2,7.3,1.03
1322,83,3,3,7.4,0.91
1323,83,3,4,7.6,1.09
1324,83,4,1,8.5,0.92
1325,83,4,2,8.3,1.07
1326,83,4,3,8.3,0.86
1327,83,4,4,6.4,1.11
1328,84,1,1,5.2,0.86
1329,84,1,2,6.8,1.12
1330,84,1,3,8.9,1.14
1331,84,1,4,5.6,0.81
1332,84,2,1,5.4,1.16
1333,84,2,2,5.3,1.14
1334,84,2,3,9.0,0.96
1335,84,2,4,6.7,0.87
1336,84,3,1,6.0,0.9
1337,84,3,2,5.6,1.18
1338,84,3,3,7.5,0.82
1339,84,3,4,7.1,0.89
1340,84,4,1,6.1,1.09
1341,84,4,2,9.0,1.18
1342,84,4,3,7.3,0.86
1343,84,4,4,6.4,1.03
1344,85,1,1,8.1,1.13
1345,85,1,2,8.4,1.11
1346,85,1,3,5.7,0.88
1347,85,1,4,7.3,0.87
1348,85,2,1,6.4,0.92
1349,85,2,2,7.4,1.08
1350,85,2,3,5.7,1.19
1351,85,2,4,8.8,0.82
1352,85,3,1,7.2,0.97
1353,85,3,2,6.4,1.03
1354,85,3,3,7.8,0.97
1355,85,3,4,8.0,1.18
1356,85,4,1,8.3,1.17
1357,85,4,2,5.8,1.17
1358,85,4,3,8.3,0.94
1359,85,4,4,6.0,1.19
1360,86,1,1,8.8,1.07
1361,86,1,2,8.4,0.83
1362,86,1,3,8.7,0.86
1363,86,1,4,7.6,0.86
1364,86,2,1,7.8,0.81
1365,86,2,2,7.2,0.82
1366,86,2,3,7.5,0.99
1367,86,2,4,6.5,1.2
1368,86,3,1,6.8,0.9
1369,86,3,2,5.5,0.87
1370,86,3,3,7.8,1.13
1371,86,3,4,5.1,0.81
1372,86,4,1,7.3,1.17
1373,86,4,2,8.4,1.12
1374,86,4,3,8.0,1.14
1375,86,4,4,7.2,1.1
1376,87,1,1,8.8,1.14
1377,87,1,2,5.6,0.89
1378,87,1,3,8.8,1.17
1379,87,1,4,5.1,0.96
1380,87,2,1,7.7,1.07
1381,87,2,2,8.5,0.96
1382,87,2,3,7.6,1.09
1383,87,2,4,7.5,0.86
1384,87,3,1,5.2,0.91
1385,87,3,2,6.2,0.88
1386,87,3,3,8.4,0.93
1387,87,3,4,6.3,0.86
1388,87,4,1,6.6,0.89
1389,87,4,2,6.4,0.98
1390,87,4,3,6.0,0.89
1391,87,4,4,5.9,0.83
1392,88,1,1,6.8,1.06
1393,88,1,2,8.1,1.02
1394,88,1,3,7.1,0.99
1395,88,1,4,8.1,1.17
1396,88,2,1,7.1,1.19
1397,88,2,2,5.8,0.92
1398,88,2,3,6.7,0.82
1399,88,2,4,5.6,0.88
1400,88,3,1,7.5,1.0
1401,88,3,2,5.3,1.04
1402,88,3,3,5.1,0.82
1403,88,3,4,6.0,1.18
1404,88,4,1,6.7,0.92
1405,88,4,2,7.3,1.16
1406,88,4,3,8.7,0.9
1407,88,4,4,8.5,0.88
1408,89,1,1,6.3,0.99
1409,89,1,2,5.4,0.87
1410,89,1,3,7.0,0.84
1411,89,1,4,7.3,1.02
1412,89,2,1,8.9,1.08
1413,89,2,2,5.7,1.11
1414,89,2,3,5.3,0.95
1415,89,2,4,8.9,0.82
1416,89,3,1,7.1,0.9
1417,89,3,2,5.0,1.11
1418,89,3,3,5.1,0.95
1419,89,3,4,7.1,1.11
1420,89,4,1,6.0,1.1
1421,89,4,2,7.3,0.91
1422,89,4,3,5.0,1.14
1423,89,4,4,9.0,1.05
1424,90,1,1,5.8,1.2
1425,90,1,2,7.0,1.1
1426,90,1,3,5.8,1.0
1427,90,1,4,7.5,0.9
1428,90,2,1,8.1,1.09
1429,90,2,2,7.4,1.2
1430,90,2,3,8.0,1.03
1431,90,2,4,7.4,1.19
1432,90,3,1,7.5,0.9
1433,90,3,2,8.0,0.91
1434,90,3,3,8.0,0.89
1435,90,3,4,8.6,1.18
1436,90,4,1,5.3,0.89
1437,90,4,2,6.9,1.09
1438,90,4,3,6.6,1.2
1439,90,4,4,8.6,1.01
1440,91,1,1,7.2,0.95
1441,91,1,2,8.3,0.98
1442,91,1,3,6.4,1.05
1443,91,1,4,5.8,1.06
1444,91,2,1,9.0,0.95
1445,91,2,2,5.3,1.16
1446,91,2,3,8.0,1.11
1447,91,2,4,7.0,1.09
1448,91,3,1,6.5,0.96
1449,91,3,2,6.6,1.06
1450,91,3,3,8.2,0.92
1451,91,3,4,6.6,0.95
1452,91,4,1,5.5,1.12
1453,91,4,2,5.0,0.91
1454,91,4,3,6.0,0.97
1455,91,4,4,8.1,1.07
1456,92,1,1,8.4,0.82
1457,92,1,2,7.7,1.06
1458,92,1,3,7.7,1.06
1459,92,1,4,8.5,1.09
1460,92,2,1,5.2,0.85
1461,92,2,2,7.6,1.2
1462,92,2,3,5.5,0.83
1463,92,2,4,7.8,1.06
1464,92,3,1,8.8,0.86
1465,92,3,2,6.5,1.04
1466,92,3,3,5.0,0.82
1467,92,3,4,6.2,1.14
1468,92,4,1,5.1,1.11
1469,92,4,2,5.0,0.96
1470,92,4,3,7.4,0.83
1471,92,4,4,6.4,1.2
1472,93,1,1,5.9,1.16
1473,93,1,2,6.4,0.92
1474,93,1,3,8.6,0.9
1475,93,1,4,6.9,0.96
1476,93,2,1,8.1,0.97
1477,93,2,2,7.3,0.8
1478,93,2,3,8.1,0.88
1479,93,2,4,7.1,0.82
1480,93,3,1,5.9,1.15
1481,93,3,2,7.0,0.89
1482,93,3,3,8.4,1.15
1483,93,3,4,7.6,1.11
1484,93,4,1,6.7,0.93
1485,93,4,2,8.6,0.97
1486,93,4,3,6.3,1.18
1487,93,4,4,7.9,0.84
1488,94,1,1,6.6,1.07
1489,94,1,2,7.9,0.92
1490,94,1,3,7.9,1.16
1491,94,1,4,5.2,1.1
1492,94,2,1,7.9,1.19
1493,94,2,2,7.7,0.85
1494,94,2,3,5.4,0.88
1495,94,2,4,7.8,1.06
1496,94,3,1,8.8,1.17
1497,94,3,2,5.3,1.1
1498,94,3,3,7.3,1.04
1499,94,3,4,8.8,1.02
1500,94,4,1,7.4,1.2
1501,94,4,2,5.7,1.02
1502,94,4,3,8.8,1.09
1503,94,4,4,5.2,1.09
1504,95,1,1,7.0,0.85
1505,95,1,2,6.4,0.81
1506,95,1,3,5.3,1.05
1507,95,1,4,8.4,1.02
1508,95,2,1,7.7,0.93
1509,95,2,2,6.6,0.98
1510,95,2,3,6.0,0.9
1511,95,2,4,6.3,0.82
1512,95,3,1,8.4,0.89
1513,95,3,2,7.1,0.82
1514,95,3,3,5.0,1.06
1515,95,3,4,6.4,1.01
1516,95,4,1,7.6,1.0
1517,95,4,2,6.5,0.86
1518,95,4,3,6.7,1.12
1519,95,4,4,8.3,1.05
1520,96,1,1,9.0,1.18
1521,96,1,2,5.9,0.91
1522,96,1,3,6.7,1.09
1523,96,1,4,7.9,1.04
1524,96,2,1,5.6,0.8
1525,96,2,2,6.8,1.17
1526,96,2,3,7.1,1.13
1527,96,2,4,8.1,0.96
1528,96,3,1,7.8,0.93
1529,96,3,2,6.4,0.88
1530,96,3,3,6.7,1.09
1531,96,3,4,7.2,0.87
1532,96,4,1,5.3,1.02
1533,96,4,2,9.0,1.03
1534,96,4,3,7.5,1.06
1535,96,4,4,7.0,0.84
1536,97,1,1,6.3,1.11
1537,97,1,2,7.3,0.9
1538,97,1,3,6.5,1.0
1539,97,1,4,7.3,1.01
1540,97,2,1,6.1,0.93
1541,97,2,2,8.3,1.16
1542,97,2,3,6.7,1.02
1543,97,2,4,6.6,1.12
1544,97,3,1,7.7,0.8
1545,97,3,2,7.4,1.15
1546,97,3,3,7.2,0.97
1547,97,3,4,8.7,0.88
1548,97,4,1,5.1,1.09
1549,97,4,2,7.2,0.99
1550,97,4,3,5.0,0.99
1551,97,4,4,6.2,1.1
1552,98,1,1,8.6,0.93
1553,98,1,2,8.4,0.9
1554,98,1,3,7.1,1.08
1555,98,1,4,6.6,1.07
1556,98,2,1,7.1,1.14
1557,98,2,2,7.8,1.15
1558,98,2,3,7.1,1.15
1559,98,2,4,8.8,1.03
1560,98,3,1,8.6,1.02
1561,98,3,2,6.7,0.93
1562,98,3,3,6.9,0.8
1563,98,3,4,9.0,1.2
1564,98,4,1,8.7,1.09
1565,98,4,2,5.7,0.97
1566,98,4,3,5.7,1.03
1567,98,4,4,6.8,1.2
1568,99,1,1,5.9,0.98
1569,99,1,2,6.6,1.09
1570,99,1,3,8.5,0.8
1571,99,1,4,5.4,0.84
1572,99,2,1,9.0,0.96
1573,99,2,2,9.0,0.83
1574,99,2,3,5.5,0.81
1575,99,2,4,5.7,1.02
1576,99,3,1,5.9,1.04
1577,99,3,2,5.7,0.84
1578,99,3,3,8.6,0.94
1579,99,3,4,5.3,1.2
1580,99,4,1,6.6,1.18
1581,99,4,2,9.0,0.82
1582,99,4,3,5.9,0.8
1583,99,4,4,7.5,0.93
1584,100,1,1,5.0,0.91
1585,100,1,2,8.2,1.1
1586,100,1,3,8.9,0.89
1587,100,1,4,6.4,0.99
1588,100,2,1,9.0,1.19
1589,100,2,2,8.2,0.98
1590,100,2,3,8.4,0.81
1591,100,2,4,6.2,1.02
1592,100,3,1,7.5,0.97
1593,100,3,2,6.7,1.13
1594,100,3,3,7.9,1.2
1595,100,3,4,6.8,1.2
1596,100,4,1,7.8,1.01
1597,100,4,2,6.2,0.81
1598,100,4,3,6.9,0.83
1599,100,4,4,6.2,1.14
